<?xml version="1.0" encoding="UTF-8"?>
<!DOCTYPE mapper
        PUBLIC "-//mybatis.org//DTD Mapper 3.0//EN"
        "http://mybatis.org/dtd/mybatis-3-mapper.dtd">
<mapper namespace="org.myproject.demo.repository.ReviewRepository">
    <insert id="doWrite" parameterType="map">
        INSERT INTO review
        SET regDate = NOW(),
        updateDate = NOW(),
        userId = #{userId},
        boardId = #{boardId},
        title = #{title},
        `body` = #{body}
    </insert>

    <select id="getReviewList" resultType="org.myproject.demo.vo.Review">
        SELECT *
        FROM review
        ORDER BY id DESC;
    </select>

    <select id="getReviewById" parameterType="int" resultType="org.myproject.demo.vo.Review">
        SELECT *
        FROM review
        WHERE id = #{id};
    </select>

    <update id="doModify" parameterType="map">
        UPDATE review
        <set>
            updateDate = NOW(),
            <if test="title != null and title != ''">title = #{title},</if>
            <if test="body != null and body != ''">`body` = #{body}</if>
        </set>
        WHERE id = #{id}
    </update>

    <delete id="doDelete" parameterType="int">
        DELETE
        FROM review
        WHERE id = #{id}
    </delete>

    <select id="getLastInsertId" parameterType="int">
        SELECT
        LAST_INSERT_ID();
    </select>

    <select id="getForPrintReview" parameterType="int"
            resultType="org.myproject.demo.vo.Review">
        SELECT R.*, U.nickname AS extra_writer
        FROM review AS R
        INNER JOIN `member` AS U
        ON R.userId = U.id
        WHERE R.id = #{id}
    </select>

    <select id="getForPrintReviews"
            resultType="org.myproject.demo.vo.Review">
        SELECT R.*, U.nickname AS extra_writer
        FROM review AS R
        INNER JOIN `member` AS U
        ON R.userId = U.id
        WHERE 1
        <if test="boardId != 0">
            AND boardId = #{boardId}
        </if>
        <if test="searchKeyword != ''">
            <choose>
                <when test="searchKeywordTypeCode == 'title'">
                    AND R.title LIKE CONCAT('%', #{searchKeyword}, '%')
                </when>
                <when test="searchKeywordTypeCode == 'body'">
                    AND R.`body` LIKE CONCAT('%', #{searchKeyword}, '%')
                </when>
                <when test="searchKeywordTypeCode == 'nickname'">
                    AND U.nickname LIKE CONCAT('%', #{searchKeyword},
                    '%')
                </when>
                <otherwise>
                    AND R.title LIKE CONCAT('%', #{searchKeyword}, '%')
                    OR
                    R.`body` LIKE CONCAT('%', #{searchKeyword}, '%')
                </otherwise>
            </choose>
        </if>
        GROUP BY R.id
        ORDER BY R.id
        DESC
        <if test="limitFrom >= 0">
            LIMIT #{limitFrom}, #{limitTake}
        </if>
    </select>

    <select id="getReviewCount" parameterType="int">
        SELECT COUNT(*), U.nickname AS extra_writer
        FROM review AS R
        INNER JOIN `member` AS U
        ON R.userId = U.id
        WHERE 1
        <if test="boardId != 0">
            AND R.boardId = #{boardId}
        </if>
        <if test="searchKeyword != ''">
            <choose>
                <when test="searchKeywordTypeCode == 'title'">
                    AND R.title LIKE CONCAT('%', #{searchKeyword}, '%')
                </when>
                <when test="searchKeywordTypeCode == 'body'">
                    AND R.`body` LIKE CONCAT('%', #{searchKeyword}, '%')
                </when>
                <when test="searchKeywordTypeCode == 'nickname'">
                    AND U.nickname LIKE CONCAT('%', #{searchKeyword}, '%')
                </when>
                <otherwise>
                    AND R.title LIKE CONCAT('%', #{searchKeyword}, '%')
                    OR
                    R.`body` LIKE CONCAT('%', #{searchKeyword}, '%')
                </otherwise>
            </choose>
        </if>
    </select>
</mapper>