<?xml version="1.0" encoding="UTF-8"?>
<!DOCTYPE mapper
        PUBLIC "-//mybatis.org//DTD Mapper 3.0//EN"
        "http://mybatis.org/dtd/mybatis-3-mapper.dtd">

<mapper namespace="org.myproject.demo.repository.MemberRepository">
    <insert id="doJoin" parameterType="map">
        INSERT INTO `member`
        SET regDate = NOW(),
        updateDate = NOW(),
        loginId = #{loginId},
        loginPw = #{loginPw},
        `authLevel` = 3,
        `name` = #{name},
        nickName = #{nickName},
        email = #{email},
        login_type = 'normal'
    </insert>

    <insert id="kakaoJoin" parameterType="map">
        INSERT INTO kakao
        SET kakao_id = #{kakao_id},
        kakao_createAt = #{kakao_createAt},
        kakao_nickName = #{kakao_nickName},
        kakao_email = #{kakao_email},
        access_token = #{access_token},
        refresh_token = #{refresh_token};
    </insert>

    <select id="getUserByLoginId" parameterType="String" resultType="org.myproject.demo.vo.Member">
        SELECT *
        FROM `member`
        WHERE loginId = #{loginId};
    </select>

    <select id="getUserByNameAndEmail">
        SELECT *
        FROM `member`
        WHERE `name` = #{name}
        AND email = #{email}
    </select>

    <select id="getLastInsertId" parameterType="int">
        SELECT
        LAST_INSERT_ID();
    </select>

    <select id="getUserById" parameterType="int"
            resultType="org.myproject.demo.vo.Member">
        SELECT * FROM `member`
        WHERE id = #{loginedUserId}
    </select>

    <update id="modifyWithoutPw">
        UPDATE `member`
        <set>
            <if test="nickName != null">
                nickName = #{nickName},
            </if>
            <if test="email != null">
                email = #{email},
            </if>
            updateDate = NOW()
        </set>
        WHERE id = #{loginedUserId}
    </update>

    <update id="modify">
        UPDATE `member`
        <set>
            <if test="loginPw != null">
                loginPw = #{loginPw},
            </if>
            <if test="nickName != null">
                nickName = #{nickName},
            </if>
            <if test="email != null">
                email = #{email},
            </if>
            updateDate = NOW()
        </set>
        WHERE id = #{loginedUserId}
    </update>

    <select id="getUserTeamById" parameterType="int"
            resultType="org.myproject.demo.vo.Member">
        SELECT U.*, T.team_name AS extra_teamName, T.team_logo AS extra_teamLogo
        FROM `member` AS U
        LEFT JOIN team AS T
        ON U.teamId = T.id
        WHERE U.id= #{loginedUserId};
    </select>

    <select id="getTeamIdByName" parameterType="String"
            resultType="int">
        SELECT id
        FROM team
        WHERE team_name = #{teamName};
    </select>

    <update id="getupdateTeamId">
        UPDATE `member`
        SET teamId = #{teamId}
        WHERE id = #{loginedUserId}
    </update>

    <select id="getUserByEmailAndLoginType" parameterType="map"
            resultType="org.myproject.demo.vo.Member">
        SELECT * FROM `member`
        WHERE email = #{kakao_email}
        AND login_type = #{login_type}
    </select>

    <insert id="doJoinKakao" parameterType="map">
        INSERT INTO `member`
        SET regDate = NOW(),
        updateDate = NOW(),
        loginId = #{loginId},
        loginPw = #{loginPw},
        `authLevel` = 3,
        `name` = #{name},
        nickName = #{nickName},
        email = #{email},
        login_type = #{login_type}
    </insert>
</mapper>